id,source,medium,campaign_name,date,cost,clicks,impressions,sessions,purchases,revenue
955be37b,google,cpc,google-cpc,2025-02-02,168.69,205,7995,372,2,122.85
46ca6527,meta,social,meta-social,2025-02-02,22.11,33,726,56,1,325.74
a8abac71,google,cpc,google-cpc,2025-02-03,78.39,124,3348,311,3,280.57
2c1039c8,meta,social,meta-social,2025-02-03,150.34,156,7488,276,1,78.15
8eaed375,google,cpc,google-cpc,2025-02-04,155.6,108,4428,260,1,370.63
37d30cdb,meta,social,meta-social,2025-02-04,10.05,18,648,66,1,166.66
f5f8be2c,google,cpc,google-cpc,2025-02-05,74.8,51,2193,226,0,0.0
3343fc13,meta,social,meta-social,2025-02-05,41.36,97,2716,205,1,268.89
718c9e4e,google,cpc,google-cpc,2025-02-06,99.88,78,1482,302,1,397.29
98c72cb2,meta,social,meta-social,2025-02-06,84.63,121,4840,275,1,228.11
ec3e5b07,google,cpc,google-cpc,2025-02-07,56.01,81,3807,232,2,287.02
5ba070fc,meta,social,meta-social,2025-02-07,116.7,117,5265,316,3,1058.52
b8c59e31,google,cpc,google-cpc,2025-02-08,12.31,22,418,42,1,296.83
cd3f2454,meta,social,meta-social,2025-02-08,72.62,68,2584,273,0,0.0
f71934ef,google,cpc,google-cpc,2025-02-09,101.55,121,4114,193,1,277.44
faac7c3e,meta,social,meta-social,2025-02-09,74.39,57,1596,182,1,355.33
936a55fb,google,cpc,google-cpc,2025-02-10,10.72,10,360,34,0,0.0
55634fca,meta,social,meta-social,2025-02-10,125.07,120,3000,309,1,109.49
033fd225,google,cpc,google-cpc,2025-02-11,99.17,58,2146,167,0,0.0
2e2b4da1,meta,social,meta-social,2025-02-11,196.45,94,3196,373,2,239.45
2eed49da,google,cpc,google-cpc,2025-02-12,129.24,241,6748,371,0,0.0
97dd09c5,meta,social,meta-social,2025-02-12,56.23,73,1314,137,1,126.65
ec790e6d,google,cpc,google-cpc,2025-02-13,100.65,71,2982,187,0,0.0
76782f3e,meta,social,meta-social,2025-02-13,92.81,55,1705,159,1,369.92
40679036,google,cpc,google-cpc,2025-02-14,33.49,79,2054,207,1,54.87
91247ba4,meta,social,meta-social,2025-02-14,107.1,162,7290,319,2,175.84
1f9191a0,google,cpc,google-cpc,2025-02-15,14.38,28,1232,91,0,0.0
3fe0866c,meta,social,meta-social,2025-02-15,39.89,41,1927,89,1,284.67
916f88f7,google,cpc,google-cpc,2025-02-16,77.35,50,1600,131,0,0.0
729304be,meta,social,meta-social,2025-02-16,7.44,15,750,51,0,0.0
e583cca8,google,cpc,google-cpc,2025-02-17,62.28,62,1674,126,0,0.0
12e97978,meta,social,meta-social,2025-02-17,40.47,20,200,94,1,329.48
e13c725f,google,cpc,google-cpc,2025-02-18,27.82,19,798,78,1,206.9
1cb4dba9,meta,social,meta-social,2025-02-18,47.98,57,627,133,0,0.0
992db3e4,google,cpc,google-cpc,2025-02-19,76.64,87,2610,184,0,0.0
5cb86bc2,meta,social,meta-social,2025-02-19,86.58,53,901,215,2,306.43
4e60373f,google,cpc,google-cpc,2025-02-20,39.22,36,1440,68,1,282.79
ad3de41c,meta,social,meta-social,2025-02-20,25.5,20,360,54,0,0.0
48491403,google,cpc,google-cpc,2025-02-21,16.27,12,480,46,1,173.08
fe0de449,meta,social,meta-social,2025-02-21,21.1,45,1080,134,1,345.88
ea4c0a41,google,cpc,google-cpc,2025-02-22,202.74,183,6405,379,2,345.72
80070bc6,meta,social,meta-social,2025-02-22,11.42,22,682,55,0,0.0
31b97a02,google,cpc,google-cpc,2025-02-23,15.43,18,486,45,1,205.09
96a7e3d9,meta,social,meta-social,2025-02-23,31.41,70,2870,130,0,0.0
d77f7317,google,cpc,google-cpc,2025-02-24,47.3,39,1716,150,0,0.0
34d9154d,meta,social,meta-social,2025-02-24,46.04,79,1106,380,2,150.45
94e130cb,google,cpc,google-cpc,2025-02-25,74.48,166,7138,336,2,161.69
314f99b0,meta,social,meta-social,2025-02-25,15.99,17,714,60,1,311.03
1370289f,google,cpc,google-cpc,2025-02-26,20.79,102,5100,151,0,0.0
6e889158,meta,social,meta-social,2025-02-26,119.83,174,8700,272,2,631.91
4423e964,google,cpc,google-cpc,2025-02-27,5.7,18,504,48,0,0.0
e025d8b1,meta,social,meta-social,2025-02-27,17.24,28,336,59,0,0.0
dca9f78f,google,cpc,google-cpc,2025-02-28,25.36,20,500,72,1,393.83
8e5ec283,meta,social,meta-social,2025-02-28,68.52,147,4116,382,3,700.27
cd400f0c,google,cpc,google-cpc,2025-03-01,213.67,183,3477,367,2,606.61
8ba8e50b,meta,social,meta-social,2025-03-01,110.93,104,3640,190,0,0.0
329e6761,google,cpc,google-cpc,2025-03-02,131.07,77,2233,370,0,0.0
4e3a94e9,meta,social,meta-social,2025-03-02,21.95,78,1482,112,1,381.68
e0beeeb8,google,cpc,google-cpc,2025-03-03,42.24,52,1040,87,0,0.0
ec66a1c8,meta,social,meta-social,2025-03-03,85.1,164,4592,389,3,532.51
061d742d,google,cpc,google-cpc,2025-03-04,107.64,57,1482,215,1,388.19
80f3dde7,meta,social,meta-social,2025-03-04,20.96,21,357,46,1,244.09
b02f1997,google,cpc,google-cpc,2025-03-05,87.75,79,1185,250,0,0.0
b18f9b9a,meta,social,meta-social,2025-03-05,89.67,125,2250,211,1,375.79
389e16d7,google,cpc,google-cpc,2025-03-06,61.07,62,1736,151,0,0.0
dff421a8,meta,social,meta-social,2025-03-06,70.07,60,1020,141,0,0.0
62271dbb,google,cpc,google-cpc,2025-03-07,28.56,137,1918,200,1,115.56
2b255fdd,meta,social,meta-social,2025-03-07,155.1,64,2176,289,2,487.91
29292836,google,cpc,google-cpc,2025-03-08,35.63,112,4368,190,1,241.1
4ca3fb54,meta,social,meta-social,2025-03-08,172.22,252,3024,376,1,334.02
43bddb7c,google,cpc,google-cpc,2025-03-09,27.68,70,2590,117,0,0.0
9ce0ae17,meta,social,meta-social,2025-03-09,77.97,100,4300,224,1,168.66
384b4e10,google,cpc,google-cpc,2025-03-10,65.63,151,5738,358,3,782.75
f75d1781,meta,social,meta-social,2025-03-10,9.73,28,364,41,1,265.2
7d5c56d4,google,cpc,google-cpc,2025-03-11,179.56,140,4760,367,0,0.0
ae774893,meta,social,meta-social,2025-03-11,88.66,180,8280,310,1,287.67
f662622f,google,cpc,google-cpc,2025-03-12,128.83,87,4263,285,2,182.43
6241c91d,meta,social,meta-social,2025-03-12,87.38,70,2660,166,1,120.06
5570a375,google,cpc,google-cpc,2025-03-13,81.45,265,4770,384,1,327.79
e39746cd,meta,social,meta-social,2025-03-13,40.11,84,3780,141,0,0.0
2035a1c3,google,cpc,google-cpc,2025-03-14,18.98,26,468,57,1,274.82
bed0697a,meta,social,meta-social,2025-03-14,95.53,197,2561,302,1,318.72
19c07788,google,cpc,google-cpc,2025-03-15,48.87,29,580,120,1,93.81
f3beb346,meta,social,meta-social,2025-03-15,148.68,162,7452,323,1,109.92
5908d0cc,google,cpc,google-cpc,2025-03-16,82.26,227,9080,336,3,1083.45
b1019936,meta,social,meta-social,2025-03-16,64.42,40,1440,145,1,154.1
dc113467,google,cpc,google-cpc,2025-03-17,33.7,88,1672,209,0,0.0
9d8a886e,meta,social,meta-social,2025-03-17,15.47,43,860,69,1,352.46
bd4cc6b7,google,cpc,google-cpc,2025-03-18,56.87,103,1339,274,1,226.91
0bcb5ed5,meta,social,meta-social,2025-03-18,85.87,68,1768,164,1,150.01
2bb63470,google,cpc,google-cpc,2025-03-19,29.22,29,1421,57,1,317.54
32623d05,meta,social,meta-social,2025-03-19,30.31,30,570,80,0,0.0
7ac14067,google,cpc,google-cpc,2025-03-20,65.59,100,4900,253,2,197.85
7d4cb140,meta,social,meta-social,2025-03-20,145.74,220,6380,398,2,455.12
9dd8ca04,google,cpc,google-cpc,2025-03-21,12.83,18,846,33,1,388.47
208d28d0,meta,social,meta-social,2025-03-21,46.08,143,1716,265,2,604.83
64c9803f,google,cpc,google-cpc,2025-03-22,127.98,152,6536,276,1,355.49
fe2d87c5,meta,social,meta-social,2025-03-22,72.87,54,2376,126,1,233.92
253c13dd,google,cpc,google-cpc,2025-03-23,63.5,111,2997,167,1,160.96
596f0ac8,meta,social,meta-social,2025-03-23,85.03,113,2147,167,1,363.52
43ee0b97,google,cpc,google-cpc,2025-03-24,74.33,50,650,158,1,98.05
57127678,meta,social,meta-social,2025-03-24,54.34,132,5280,362,1,273.28
503b2755,google,cpc,google-cpc,2025-03-25,71.17,52,624,167,0,0.0
b63061e8,meta,social,meta-social,2025-03-25,65.25,43,1763,109,0,0.0
8cfa606a,google,cpc,google-cpc,2025-03-26,86.71,71,1562,165,1,361.24
a78d554d,meta,social,meta-social,2025-03-26,14.87,43,1204,77,1,276.9
2f88a8fd,google,cpc,google-cpc,2025-03-27,37.44,141,5358,362,1,217.11
1c3ec45a,meta,social,meta-social,2025-03-27,16.49,82,2050,156,1,253.86
9c306aec,google,cpc,google-cpc,2025-03-28,57.98,73,3504,171,0,0.0
4c7d28f2,meta,social,meta-social,2025-03-28,105.71,129,3225,211,2,738.96
ed334534,google,cpc,google-cpc,2025-03-29,146.57,117,2691,278,2,204.9
cd2a6fed,meta,social,meta-social,2025-03-29,195.18,165,6930,387,0,0.0
f89cfb1a,google,cpc,google-cpc,2025-03-30,17.28,91,1274,131,0,0.0
fdbec6da,meta,social,meta-social,2025-03-30,126.04,179,6444,261,1,112.99
25ecf327,google,cpc,google-cpc,2025-03-31,104.97,93,2232,354,0,0.0
75158660,meta,social,meta-social,2025-03-31,7.82,9,216,21,1,212.05
ecd26405,google,cpc,google-cpc,2025-04-01,57.04,78,1014,143,0,0.0
0c7c5bc0,meta,social,meta-social,2025-04-01,30.25,91,1183,145,1,203.64
53a0368f,google,cpc,google-cpc,2025-04-02,135.45,177,3717,358,3,465.53
9156d20c,meta,social,meta-social,2025-04-02,194.07,182,7826,340,3,199.23
c1904ee3,google,cpc,google-cpc,2025-04-03,65.95,118,5310,173,0,0.0
48529f21,meta,social,meta-social,2025-04-03,123.2,192,6336,291,0,0.0
cf037244,google,cpc,google-cpc,2025-04-04,80.51,209,4807,320,1,217.79
0164018a,meta,social,meta-social,2025-04-04,65.19,64,1472,117,0,0.0
9f751a87,google,cpc,google-cpc,2025-04-05,68.29,126,2898,204,1,213.1
fcb746a8,meta,social,meta-social,2025-04-05,98.36,43,1935,209,0,0.0
dfb51d06,google,cpc,google-cpc,2025-04-06,173.82,159,5088,370,3,1164.83
eeb29a62,meta,social,meta-social,2025-04-06,63.09,71,3053,106,1,114.42
8da94e03,google,cpc,google-cpc,2025-04-07,45.26,31,1550,138,0,0.0
502211e1,meta,social,meta-social,2025-04-07,37.29,171,1710,361,3,842.25
706366ad,google,cpc,google-cpc,2025-04-08,26.88,44,1188,74,0,0.0
159728d0,meta,social,meta-social,2025-04-08,132.71,69,1035,223,1,210.65
31ad1ac6,google,cpc,google-cpc,2025-04-09,40.97,67,1072,107,1,275.72
a3bec8f4,meta,social,meta-social,2025-04-09,157.7,126,1512,290,0,0.0
315bbc2d,google,cpc,google-cpc,2025-04-10,57.99,102,3468,320,3,1125.32
4363c8cf,meta,social,meta-social,2025-04-10,62.21,254,3810,366,2,368.69
7e761d25,google,cpc,google-cpc,2025-04-11,159.33,137,3288,324,2,120.74
62437f88,meta,social,meta-social,2025-04-11,79.37,78,3822,202,1,201.15
167f1dc6,google,cpc,google-cpc,2025-04-12,58.67,105,1680,182,0,0.0
012fd670,meta,social,meta-social,2025-04-12,30.99,21,315,87,1,207.1
29e6a5d6,google,cpc,google-cpc,2025-04-13,173.08,111,2997,391,1,250.19
8f7cd986,meta,social,meta-social,2025-04-13,41.41,60,840,174,0,0.0
8d76c7e8,google,cpc,google-cpc,2025-04-14,11.55,8,248,23,1,344.56
8f135850,meta,social,meta-social,2025-04-14,60.05,120,2640,240,2,781.96
0be7175a,google,cpc,google-cpc,2025-04-15,37.18,129,2709,186,1,177.76
32cd91a2,meta,social,meta-social,2025-04-15,210.88,112,3136,369,0,0.0
b8146038,google,cpc,google-cpc,2025-04-16,80.15,94,3948,236,0,0.0
e7d2c740,meta,social,meta-social,2025-04-16,168.61,226,10848,374,0,0.0
99b8d105,google,cpc,google-cpc,2025-04-17,55.99,91,2184,366,2,776.0
b5165755,meta,social,meta-social,2025-04-17,59.15,108,4212,281,2,506.36
422e94d0,google,cpc,google-cpc,2025-04-18,25.89,23,920,79,0,0.0
85c35713,meta,social,meta-social,2025-04-18,51.37,69,1173,198,1,302.7
0cc63b9b,google,cpc,google-cpc,2025-04-19,126.95,89,3293,306,3,393.45
5ef4cc3f,meta,social,meta-social,2025-04-19,87.93,87,2001,222,2,718.17
9e5b0b98,google,cpc,google-cpc,2025-04-20,107.55,93,2976,363,2,517.88
ad78d397,meta,social,meta-social,2025-04-20,142.07,125,2250,254,2,594.19
53fa05f1,google,cpc,google-cpc,2025-04-21,140.27,164,3444,314,1,220.33
3491d7f0,meta,social,meta-social,2025-04-21,158.38,154,4928,304,2,198.21
4190c54a,google,cpc,google-cpc,2025-04-22,44.21,222,6216,383,3,325.62
95ad3cf0,meta,social,meta-social,2025-04-22,13.78,21,861,36,1,108.87
4c75cd22,google,cpc,google-cpc,2025-04-23,142.23,104,1248,299,1,85.85
6022e28c,meta,social,meta-social,2025-04-23,121.95,79,3713,250,0,0.0
3687e112,google,cpc,google-cpc,2025-04-24,40.15,79,3318,163,0,0.0
49e127f9,meta,social,meta-social,2025-04-24,205.29,255,4590,367,1,386.97
19a85d33,google,cpc,google-cpc,2025-04-25,142.97,219,3285,343,3,543.93
4c864665,meta,social,meta-social,2025-04-25,73.98,100,4700,226,1,293.15
2cbef67d,google,cpc,google-cpc,2025-04-26,52.24,136,4216,223,1,338.7
5d10413c,meta,social,meta-social,2025-04-26,144.34,66,3300,300,3,977.72
2ffd34d3,google,cpc,google-cpc,2025-04-27,39.18,67,1340,174,1,82.67
a2bd997d,meta,social,meta-social,2025-04-27,14.47,11,176,46,1,304.1
698a8a87,google,cpc,google-cpc,2025-04-28,10.97,31,496,81,1,292.91
f41eac5d,meta,social,meta-social,2025-04-28,30.3,38,532,72,1,98.0
c1a38012,google,cpc,google-cpc,2025-04-29,63.07,97,3298,371,1,80.34
f624af7a,meta,social,meta-social,2025-04-29,47.46,48,2160,199,1,326.88
3c9c8418,google,cpc,google-cpc,2025-04-30,137.73,167,4175,280,1,153.44
18b1bea3,meta,social,meta-social,2025-04-30,36.99,175,1750,273,0,0.0
bf3354c6,google,cpc,google-cpc,2025-05-01,6.84,13,455,57,0,0.0
3df491e2,meta,social,meta-social,2025-05-01,86.99,111,5550,279,2,450.73
3c01ad54,google,cpc,google-cpc,2025-05-02,129.52,68,2516,294,2,544.01
d18dfd83,meta,social,meta-social,2025-05-02,220.99,101,4949,393,1,70.27
953f5c9b,google,cpc,google-cpc,2025-05-03,46.91,169,4563,287,2,281.47
1e21e2f3,meta,social,meta-social,2025-05-03,93.22,91,4186,395,0,0.0
be8bc8e0,google,cpc,google-cpc,2025-05-04,7.29,45,450,72,0,0.0
1ab0dab4,meta,social,meta-social,2025-05-04,27.47,98,1176,145,1,184.04
5bd75f40,google,cpc,google-cpc,2025-05-05,184.3,211,2954,312,0,0.0
0b2db195,meta,social,meta-social,2025-05-05,84.72,99,2772,258,1,164.56
c471e30d,google,cpc,google-cpc,2025-05-06,39.62,89,890,145,1,58.37
9439eb37,meta,social,meta-social,2025-05-06,48.47,57,1425,191,1,347.15
ac422a84,google,cpc,google-cpc,2025-05-07,32.91,57,1026,231,1,210.46
32ae290c,meta,social,meta-social,2025-05-07,109.85,236,5900,346,0,0.0
3c329a0a,google,cpc,google-cpc,2025-05-08,21.47,35,1330,139,0,0.0
5607d5e4,meta,social,meta-social,2025-05-08,84.1,111,1887,258,0,0.0
45f4022e,google,cpc,google-cpc,2025-05-09,36.66,89,1869,147,1,229.71
c7490c52,meta,social,meta-social,2025-05-09,7.87,15,270,35,1,244.58
24c7365e,google,cpc,google-cpc,2025-05-10,30.23,79,1422,152,0,0.0
ee6a52cc,meta,social,meta-social,2025-05-10,8.4,44,1628,67,1,92.88
65ec58be,google,cpc,google-cpc,2025-05-11,29.38,45,585,96,0,0.0
6f5877bf,meta,social,meta-social,2025-05-11,34.71,29,1450,64,0,0.0
e3e87012,google,cpc,google-cpc,2025-05-12,110.4,59,1593,277,1,112.94
a39db66a,meta,social,meta-social,2025-05-12,29.39,33,528,49,1,235.3
145b8321,google,cpc,google-cpc,2025-05-13,52.06,114,3648,201,0,0.0
0fffa50e,meta,social,meta-social,2025-05-13,55.08,217,8897,322,2,763.29
8b897a30,google,cpc,google-cpc,2025-05-14,86.65,124,3720,189,0,0.0
8045d074,meta,social,meta-social,2025-05-14,26.52,34,1122,50,0,0.0
9c446354,google,cpc,google-cpc,2025-05-15,155.03,230,7360,347,2,221.94
691495cd,meta,social,meta-social,2025-05-15,59.53,35,350,134,0,0.0
7dda787a,google,cpc,google-cpc,2025-05-16,35.32,31,992,133,0,0.0
4c15b865,meta,social,meta-social,2025-05-16,76.78,117,4446,183,0,0.0
c560792a,google,cpc,google-cpc,2025-05-17,213.65,148,5032,395,1,359.59
78521cb5,meta,social,meta-social,2025-05-17,35.47,15,165,71,0,0.0
7d765949,google,cpc,google-cpc,2025-05-18,110.25,54,1998,193,1,296.58
0dd29f27,meta,social,meta-social,2025-05-18,30.46,47,2068,100,1,121.94
73b45f5d,google,cpc,google-cpc,2025-05-19,8.4,6,66,21,1,338.36
14d57918,meta,social,meta-social,2025-05-19,65.24,44,1540,125,1,391.97
3743a331,google,cpc,google-cpc,2025-05-20,24.51,38,494,115,1,203.91
ea18a0d4,meta,social,meta-social,2025-05-20,48.9,39,1833,97,0,0.0
bad49351,google,cpc,google-cpc,2025-05-21,30.87,127,5461,263,1,365.97
233d4787,meta,social,meta-social,2025-05-21,58.17,215,4945,312,1,92.1
c6727186,google,cpc,google-cpc,2025-05-22,45.4,55,1485,152,0,0.0
b076ac86,meta,social,meta-social,2025-05-22,112.62,168,2856,286,0,0.0
a32ec69a,google,cpc,google-cpc,2025-05-23,75.66,85,1785,196,1,184.07
3917d6b6,meta,social,meta-social,2025-05-23,71.69,36,1440,161,1,63.57
9004c7a8,google,cpc,google-cpc,2025-05-24,22.51,42,1134,70,0,0.0
2f08df22,meta,social,meta-social,2025-05-24,218.79,158,6478,393,0,0.0
08a2e346,google,cpc,google-cpc,2025-05-25,161.25,100,3900,311,1,356.31
546df24c,meta,social,meta-social,2025-05-25,15.87,23,391,45,0,0.0
23c0cee9,google,cpc,google-cpc,2025-05-26,28.46,41,533,196,1,312.14
da236f19,meta,social,meta-social,2025-05-26,21.89,31,1116,103,0,0.0
bd038412,google,cpc,google-cpc,2025-05-27,92.54,75,1725,176,1,198.33
52c99826,meta,social,meta-social,2025-05-27,101.2,52,1716,258,2,677.02
283d50fe,google,cpc,google-cpc,2025-05-28,73.86,99,4752,153,1,115.93
b2744cae,meta,social,meta-social,2025-05-28,96.66,157,4082,226,2,197.95
99ec01c0,google,cpc,google-cpc,2025-05-29,103.6,129,2580,371,3,1101.85
17a85f48,meta,social,meta-social,2025-05-29,58.37,117,5265,356,1,152.82
0b23495b,google,cpc,google-cpc,2025-05-30,70.41,132,6204,210,1,212.32
0ffdb6b8,meta,social,meta-social,2025-05-30,111.03,200,6800,317,0,0.0
69fa7d7d,google,cpc,google-cpc,2025-05-31,87.32,130,2730,254,2,226.25
8c164a08,meta,social,meta-social,2025-05-31,86.51,51,1020,180,0,0.0
2b0322bf,google,cpc,google-cpc,2025-06-01,12.01,12,516,22,0,0.0
e56bc6f5,meta,social,meta-social,2025-06-01,24.94,74,2146,117,0,0.0
a3afc1c0,google,cpc,google-cpc,2025-06-02,172.24,128,2816,288,2,796.83
24b463f1,meta,social,meta-social,2025-06-02,48.21,27,297,104,1,56.69
88f86db7,google,cpc,google-cpc,2025-06-03,22.79,9,153,44,0,0.0
c84eccf9,meta,social,meta-social,2025-06-03,105.07,70,3500,233,0,0.0
c1ce6b7e,google,cpc,google-cpc,2025-06-04,98.03,141,3666,281,0,0.0
cf1f69ba,meta,social,meta-social,2025-06-04,51.71,136,3128,287,1,296.2
6deff757,google,cpc,google-cpc,2025-06-05,125.6,68,1768,272,0,0.0
acc502ab,meta,social,meta-social,2025-06-05,52.32,100,1200,349,2,284.89
2a247a35,google,cpc,google-cpc,2025-06-06,207.34,119,1785,359,2,350.27
215cc0ec,meta,social,meta-social,2025-06-06,122.04,70,2380,210,0,0.0
f3a301ca,google,cpc,google-cpc,2025-06-07,23.29,36,1152,73,1,330.79
f50a0b53,meta,social,meta-social,2025-06-07,52.1,135,1620,333,1,219.08
2c5e2af5,google,cpc,google-cpc,2025-06-08,81.19,134,4556,362,0,0.0
dce5eb91,meta,social,meta-social,2025-06-08,33.87,41,1681,96,0,0.0
397e10d9,google,cpc,google-cpc,2025-06-09,73.24,141,5358,226,0,0.0
0d188835,meta,social,meta-social,2025-06-09,27.39,73,3285,181,1,310.83
ebec2654,google,cpc,google-cpc,2025-06-10,51.6,113,5424,194,0,0.0
81c37dec,meta,social,meta-social,2025-06-10,38.96,138,1380,262,1,300.57
71763c08,google,cpc,google-cpc,2025-06-11,77.51,266,9310,400,0,0.0
ea939071,meta,social,meta-social,2025-06-11,62.21,29,1450,130,0,0.0
f37377ec,google,cpc,google-cpc,2025-06-12,24.74,25,525,44,1,343.59
7092e80a,meta,social,meta-social,2025-06-12,149.7,239,10038,374,1,86.24
4af06220,google,cpc,google-cpc,2025-06-13,46.67,48,2160,88,1,345.08
6690544b,meta,social,meta-social,2025-06-13,152.05,226,4068,343,1,268.46
b3ddeac1,google,cpc,google-cpc,2025-06-14,125.59,164,4592,265,2,597.09
76f4ccef,meta,social,meta-social,2025-06-14,40.75,126,2772,236,2,174.53
8feb90db,google,cpc,google-cpc,2025-06-15,18.75,78,3510,124,0,0.0
87cd2f32,meta,social,meta-social,2025-06-15,32.67,71,2414,134,1,133.16
fb33e35b,google,cpc,google-cpc,2025-06-16,63.35,40,880,135,1,314.29
3572e26d,meta,social,meta-social,2025-06-16,79.48,44,528,170,0,0.0
997b02d3,google,cpc,google-cpc,2025-06-17,16.31,21,861,40,1,258.91
61976cd2,meta,social,meta-social,2025-06-17,113.52,212,9116,313,0,0.0
c43414bd,google,cpc,google-cpc,2025-06-18,69.03,131,1310,189,1,126.46
4f183fdd,meta,social,meta-social,2025-06-18,31.73,39,468,78,1,134.12
96ffe7ce,google,cpc,google-cpc,2025-06-19,52.37,110,3300,211,2,411.89
8943c39e,meta,social,meta-social,2025-06-19,103.75,145,3335,283,0,0.0
2e65301a,google,cpc,google-cpc,2025-06-20,53.34,84,2184,371,3,902.71
9770487e,meta,social,meta-social,2025-06-20,89.67,157,5809,305,1,368.85
1130d8dc,google,cpc,google-cpc,2025-06-21,50.89,49,1862,203,0,0.0
d53ddd2f,meta,social,meta-social,2025-06-21,78.85,57,1995,215,2,121.57
e44d189f,google,cpc,google-cpc,2025-06-22,33.91,61,1769,92,0,0.0
b5cd0d89,meta,social,meta-social,2025-06-22,66.77,34,714,127,1,124.11
3ad749e7,google,cpc,google-cpc,2025-06-23,57.69,76,3572,256,0,0.0
067da1d6,meta,social,meta-social,2025-06-23,58.44,92,1288,269,1,94.88
74ba1a80,google,cpc,google-cpc,2025-06-24,89.2,100,3700,181,0,0.0
d3929bbd,meta,social,meta-social,2025-06-24,86.77,69,2208,161,0,0.0
525b46c7,google,cpc,google-cpc,2025-06-25,80.82,79,3713,154,0,0.0
d419a8a2,meta,social,meta-social,2025-06-25,72.78,204,8976,316,1,367.21
f848bbc5,google,cpc,google-cpc,2025-06-26,61.66,191,9359,281,1,225.76
b5728d0c,meta,social,meta-social,2025-06-26,141.78,178,3382,370,1,206.18
428a6a7e,google,cpc,google-cpc,2025-06-27,67.6,27,810,125,1,185.83
3520dfbc,meta,social,meta-social,2025-06-27,28.03,34,1156,72,1,342.21
c8820c28,google,cpc,google-cpc,2025-06-28,86.07,84,3528,269,2,104.62
7cf2df45,meta,social,meta-social,2025-06-28,139.95,212,5088,349,1,115.42
743a958d,google,cpc,google-cpc,2025-06-29,5.19,14,644,31,0,0.0
1da609e9,meta,social,meta-social,2025-06-29,55.02,47,2162,95,1,372.86
288bc35e,google,cpc,google-cpc,2025-06-30,54.33,60,1200,132,0,0.0
68fef7a4,meta,social,meta-social,2025-06-30,83.81,153,2448,390,3,776.36
dd462d17,google,cpc,google-cpc,2025-07-01,152.62,130,1300,277,0,0.0
f33e72e0,meta,social,meta-social,2025-07-01,164.72,152,6080,367,3,538.9
86a02391,google,cpc,google-cpc,2025-07-02,28.18,36,1656,62,1,140.23
f5da38a6,meta,social,meta-social,2025-07-02,127.39,102,3366,287,0,0.0
ca38337f,google,cpc,google-cpc,2025-07-03,76.1,85,3825,223,1,243.24
ef9e006a,meta,social,meta-social,2025-07-03,79.85,71,1207,267,1,252.18
ed75a2db,google,cpc,google-cpc,2025-07-04,191.33,233,9320,381,3,1162.8
0bab597d,meta,social,meta-social,2025-07-04,45.79,71,2414,327,0,0.0
5f5e346e,google,cpc,google-cpc,2025-07-05,8.88,13,637,25,1,118.16
a16b4c05,meta,social,meta-social,2025-07-05,62.31,25,675,106,1,133.74
ec863367,google,cpc,google-cpc,2025-07-06,64.16,205,7995,301,2,343.23
a4f6f483,meta,social,meta-social,2025-07-06,34.63,53,1484,226,1,111.26
7cde2ce4,google,cpc,google-cpc,2025-07-07,102.49,85,2210,193,1,288.56
9d25512c,meta,social,meta-social,2025-07-07,27.0,21,672,54,0,0.0
cacfd2ca,google,cpc,google-cpc,2025-07-08,50.34,150,3300,263,0,0.0
454299c2,meta,social,meta-social,2025-07-08,55.93,82,2050,275,0,0.0
9f785d6d,google,cpc,google-cpc,2025-07-09,22.51,26,1196,41,1,267.23
ff9092c7,meta,social,meta-social,2025-07-09,26.26,74,2738,160,1,189.26
7d8ce0c9,google,cpc,google-cpc,2025-07-10,58.53,139,4170,285,2,105.89
bfc2468d,meta,social,meta-social,2025-07-10,44.81,89,4361,205,1,115.5
a546e3db,google,cpc,google-cpc,2025-07-11,53.57,62,1674,250,0,0.0
7c13bfa9,meta,social,meta-social,2025-07-11,24.47,84,1764,140,1,118.62
cb0909ff,google,cpc,google-cpc,2025-07-12,14.88,22,836,44,0,0.0
4d23e2e8,meta,social,meta-social,2025-07-12,51.97,77,2464,191,1,246.12
87fb04ff,google,cpc,google-cpc,2025-07-13,81.64,96,4800,281,2,412.85
f6af24b0,meta,social,meta-social,2025-07-13,36.27,58,812,94,1,197.64
c2df5b1a,google,cpc,google-cpc,2025-07-14,37.65,128,2304,205,2,775.87
b51b0262,meta,social,meta-social,2025-07-14,186.15,119,4165,392,2,758.31
98cce3c8,google,cpc,google-cpc,2025-07-15,46.41,41,738,99,1,158.28
b54bc634,meta,social,meta-social,2025-07-15,24.22,57,2280,87,0,0.0
a532f62a,google,cpc,google-cpc,2025-07-16,119.24,212,8480,325,3,699.63
5f443716,meta,social,meta-social,2025-07-16,90.61,82,820,296,0,0.0
1b1762fb,google,cpc,google-cpc,2025-07-17,37.3,35,1155,173,1,329.29
688835d0,meta,social,meta-social,2025-07-17,53.07,60,2040,116,1,188.16
380573cb,google,cpc,google-cpc,2025-07-18,55.83,100,5000,292,1,115.8
fbfb8506,meta,social,meta-social,2025-07-18,49.06,53,689,253,1,295.17
a9a57be9,google,cpc,google-cpc,2025-07-19,16.17,11,132,27,1,197.09
0a0c1604,meta,social,meta-social,2025-07-19,25.65,82,1804,189,0,0.0
01097e68,google,cpc,google-cpc,2025-07-20,40.71,65,1885,121,0,0.0
7441a103,meta,social,meta-social,2025-07-20,66.69,60,3000,185,0,0.0
d79298d1,google,cpc,google-cpc,2025-07-21,94.09,78,3120,161,1,326.2
79fa3406,meta,social,meta-social,2025-07-21,66.53,91,4459,372,2,639.56
23b4c903,google,cpc,google-cpc,2025-07-22,84.92,38,1292,182,1,331.93
53fa3c38,meta,social,meta-social,2025-07-22,92.02,97,4268,203,1,364.53
b086d905,google,cpc,google-cpc,2025-07-23,25.09,129,4386,250,1,239.56
9385bead,meta,social,meta-social,2025-07-23,192.76,126,1764,395,0,0.0
3df7a4e7,google,cpc,google-cpc,2025-07-24,30.53,141,2538,229,0,0.0
1a44a14a,meta,social,meta-social,2025-07-24,16.58,53,1802,111,0,0.0
986657df,google,cpc,google-cpc,2025-07-25,46.27,170,6120,355,0,0.0
eee463b2,meta,social,meta-social,2025-07-25,75.82,117,3393,208,0,0.0
e1a2d268,google,cpc,google-cpc,2025-07-26,95.66,78,3900,311,1,245.45
1286a569,meta,social,meta-social,2025-07-26,170.54,89,1869,315,3,887.68
e83a59c5,google,cpc,google-cpc,2025-07-27,95.43,67,1675,186,1,317.46
5600ccf9,meta,social,meta-social,2025-07-27,69.93,209,7942,308,3,953.99
af10c66b,google,cpc,google-cpc,2025-07-28,65.94,85,3570,129,0,0.0
59f47fe7,meta,social,meta-social,2025-07-28,84.46,81,2673,304,1,83.0
4725fcf0,google,cpc,google-cpc,2025-07-29,83.96,113,1808,186,0,0.0
8304c56e,meta,social,meta-social,2025-07-29,94.21,191,5921,324,0,0.0
4830021f,google,cpc,google-cpc,2025-07-30,82.23,78,1872,215,2,128.83
a28338a2,meta,social,meta-social,2025-07-30,37.99,24,888,98,1,389.86
957d91fc,google,cpc,google-cpc,2025-07-31,30.3,27,594,63,1,320.84
a58ee8e8,meta,social,meta-social,2025-07-31,161.01,124,3100,269,2,237.27
